Fecha;Indicador_600;Indicador_612;Indicador_613;Indicador_1727;Indicador_614
2025-01-01 00:00:00+00:00;6.24;126.59;122.43;109.84;
2025-01-01 01:00:00+00:00;4.16;123.92;108.3;104.49;
2025-01-01 02:00:00+00:00;3.28;121.42;108.09;97.35;
2025-01-01 03:00:00+00:00;0.68;115.49;108.3;109.37;
2025-01-01 04:00:00+00:00;0.0;108.09;110.81;98.33;
2025-01-01 05:00:00+00:00;0.76;109.3;112.3;98.24;
2025-01-01 06:00:00+00:00;0.79;105.12;96.0;94.67;
2025-01-01 07:00:00+00:00;1.89;106.27;102.0;100.64;
2025-01-01 08:00:00+00:00;7.5;95.0;70.0;81.11;
2025-01-01 09:00:00+00:00;27.32;35.0;40.0;33.49;
2025-01-01 10:00:00+00:00;37.49;20.21;70.0;37.48;
2025-01-01 11:00:00+00:00;60.1;25.99;53.88;47.01;57.54
2025-01-01 12:00:00+00:00;63.32;30.0;65.0;50.49;60.0
2025-01-01 13:00:00+00:00;47.0;25.5;104.5;55.42;100.0
2025-01-01 14:00:00+00:00;50.1;11.75;72.44;43.36;67.67
2025-01-01 15:00:00+00:00;27.64;75.6;87.0;77.42;81.1
2025-01-01 16:00:00+00:00;79.97;131.8;125.4;130.46;130.39
2025-01-01 17:00:00+00:00;95.0;152.78;147.0;144.09;149.72
2025-01-01 18:00:00+00:00;95.0;152.78;151.78;148.21;153.24
2025-01-01 19:00:00+00:00;81.49;153.5;153.5;152.02;157.89
2025-01-01 20:00:00+00:00;68.96;152.78;151.69;146.57;153.51
2025-01-01 21:00:00+00:00;46.37;151.2;152.75;140.41;147.75
2025-01-01 22:00:00+00:00;38.0;137.62;138.91;112.47;145.61
2025-01-01 23:00:00+00:00;101.94;133.28;124.72;136.91;
2025-01-02 00:00:00+00:00;146.95;113.17;117.14;105.88;
2025-01-02 01:00:00+00:00;148.44;103.01;113.0;117.43;
2025-01-02 02:00:00+00:00;138.0;101.46;110.02;108.65;
2025-01-02 03:00:00+00:00;100.1;101.32;106.82;97.61;
2025-01-02 04:00:00+00:00;107.47;103.08;108.11;106.61;
2025-01-02 05:00:00+00:00;154.68;124.05;113.0;100.47;
2025-01-02 06:00:00+00:00;174.7;147.2;136.96;143.72;
2025-01-02 07:00:00+00:00;175.07;156.03;165.88;164.83;
2025-01-02 08:00:00+00:00;165.37;152.16;160.44;155.48;
2025-01-02 09:00:00+00:00;136.0;131.36;133.16;135.19;
2025-01-02 10:00:00+00:00;111.93;125.87;126.71;129.44;
2025-01-02 11:00:00+00:00;101.52;125.72;122.97;125.94;124.75
2025-01-02 12:00:00+00:00;105.6;119.3;118.2;120.05;122.22
2025-01-02 13:00:00+00:00;118.95;125.39;124.65;124.82;127.0
2025-01-02 14:00:00+00:00;130.11;130.2;130.11;124.2;127.11
2025-01-02 15:00:00+00:00;138.81;140.61;139.5;140.24;142.22
2025-01-02 16:00:00+00:00;153.0;157.3;154.4;152.57;156.4
2025-01-02 17:00:00+00:00;152.99;160.4;159.18;157.08;165.77
2025-01-02 18:00:00+00:00;128.0;163.99;161.99;152.24;163.24
2025-01-02 19:00:00+00:00;129.17;163.12;162.1;159.96;163.35
2025-01-02 20:00:00+00:00;120.0;158.34;157.88;152.78;163.0
2025-01-02 21:00:00+00:00;119.9;148.16;143.0;136.94;154.43
2025-01-02 22:00:00+00:00;116.07;140.0;139.0;125.69;143.99
2025-01-02 23:00:00+00:00;114.32;123.5;124.85;130.14;
2025-01-03 00:00:00+00:00;115.0;114.08;99.42;104.0;
2025-01-03 01:00:00+00:00;103.0;100.11;93.93;95.56;
2025-01-03 02:00:00+00:00;98.0;100.0;91.09;89.14;
2025-01-03 03:00:00+00:00;78.15;93.87;88.16;84.87;
2025-01-03 04:00:00+00:00;71.0;94.75;91.77;91.03;
2025-01-03 05:00:00+00:00;68.96;101.67;95.6;89.88;
2025-01-03 06:00:00+00:00;86.0;122.94;105.2;107.81;
2025-01-03 07:00:00+00:00;112.64;139.3;137.22;135.6;
2025-01-03 08:00:00+00:00;134.51;136.1;134.53;130.31;
2025-01-03 09:00:00+00:00;100.0;127.52;121.47;105.57;
2025-01-03 10:00:00+00:00;86.6;121.04;110.81;86.97;
2025-01-03 11:00:00+00:00;83.8;109.41;102.16;92.2;99.04
2025-01-03 12:00:00+00:00;97.2;102.33;96.84;78.6;91.3
2025-01-03 13:00:00+00:00;117.05;100.52;95.05;75.39;86.2
2025-01-03 14:00:00+00:00;149.99;105.22;98.22;78.23;88.18
2025-01-03 15:00:00+00:00;125.8;121.04;108.17;101.01;101.57
2025-01-03 16:00:00+00:00;149.93;140.13;135.14;121.99;132.15
2025-01-03 17:00:00+00:00;133.2;149.47;139.0;136.07;138.0
2025-01-03 18:00:00+00:00;124.3;151.25;139.75;136.22;137.0
2025-01-03 19:00:00+00:00;125.0;151.25;136.12;138.16;128.29
2025-01-03 20:00:00+00:00;155.2;149.12;133.12;126.94;119.3
2025-01-03 21:00:00+00:00;133.2;144.2;127.58;124.24;121.99
2025-01-03 22:00:00+00:00;192.7;134.42;126.89;119.68;123.13
2025-01-03 23:00:00+00:00;136.4;109.06;112.06;113.08;
2025-01-04 00:00:00+00:00;130.39;101.0;103.8;106.79;
2025-01-04 01:00:00+00:00;106.7;95.53;95.48;100.17;
2025-01-04 02:00:00+00:00;99.0;92.7;91.38;98.9;
2025-01-04 03:00:00+00:00;96.09;94.79;92.62;102.88;
2025-01-04 04:00:00+00:00;102.22;102.63;99.0;105.01;
2025-01-04 05:00:00+00:00;110.7;107.41;107.16;111.29;
2025-01-04 06:00:00+00:00;120.02;111.7;115.0;121.4;
2025-01-04 07:00:00+00:00;128.39;120.59;121.26;129.99;
2025-01-04 08:00:00+00:00;130.75;121.55;126.75;129.66;
2025-01-04 09:00:00+00:00;130.34;118.99;127.15;124.28;
2025-01-04 10:00:00+00:00;128.29;95.0;114.0;111.24;
2025-01-04 11:00:00+00:00;130.03;85.0;106.83;113.53;100.52
2025-01-04 12:00:00+00:00;129.85;83.27;102.99;98.97;98.72
2025-01-04 13:00:00+00:00;136.4;89.22;107.52;104.98;104.99
2025-01-04 14:00:00+00:00;138.76;92.85;97.35;99.84;101.35
2025-01-04 15:00:00+00:00;141.2;119.47;120.46;121.37;129.25
2025-01-04 16:00:00+00:00;149.83;133.64;133.0;134.55;134.78
2025-01-04 17:00:00+00:00;144.17;140.27;141.76;143.84;143.26
2025-01-04 18:00:00+00:00;138.38;137.12;136.89;141.86;142.73
2025-01-04 19:00:00+00:00;129.73;127.49;126.43;132.49;133.14
2025-01-04 20:00:00+00:00;123.07;122.83;122.7;126.45;128.32
2025-01-04 21:00:00+00:00;118.54;119.08;118.0;127.05;126.1
2025-01-04 22:00:00+00:00;109.61;108.93;110.0;113.07;119.8
2025-01-04 23:00:00+00:00;111.61;89.99;74.47;;
2025-01-05 00:00:00+00:00;94.76;65.5;56.92;;
2025-01-05 01:00:00+00:00;85.62;58.61;45.0;;
2025-01-05 02:00:00+00:00;82.94;40.5;31.74;;
2025-01-05 03:00:00+00:00;74.73;36.91;28.0;;
2025-01-05 04:00:00+00:00;67.0;27.86;20.0;;
2025-01-05 05:00:00+00:00;65.67;25.6;15.0;;
2025-01-05 06:00:00+00:00;64.22;35.0;29.0;;
2025-01-05 07:00:00+00:00;75.5;44.02;29.06;;
2025-01-05 08:00:00+00:00;75.7;47.0;34.22;;
2025-01-05 09:00:00+00:00;82.95;49.81;36.0;;
2025-01-05 10:00:00+00:00;80.02;46.95;45.86;;
2025-01-05 11:00:00+00:00;81.66;49.64;46.74;;36.64
2025-01-05 12:00:00+00:00;65.32;38.18;41.94;;31.56
2025-01-05 13:00:00+00:00;59.67;33.9;33.0;;24.03
2025-01-05 14:00:00+00:00;49.98;32.99;30.8;;23.0
2025-01-05 15:00:00+00:00;49.91;39.12;33.13;;28.0
2025-01-05 16:00:00+00:00;63.23;61.62;57.63;;45.0
2025-01-05 17:00:00+00:00;61.13;64.81;65.42;;57.1
2025-01-05 18:00:00+00:00;52.08;64.81;65.73;;59.0
2025-01-05 19:00:00+00:00;40.88;65.2;61.52;;55.2
2025-01-05 20:00:00+00:00;39.0;68.5;60.0;;50.97
2025-01-05 21:00:00+00:00;32.48;60.0;50.0;;42.0
2025-01-05 22:00:00+00:00;20.36;43.01;38.01;;23.01
2025-01-05 23:00:00+00:00;25.99;5.28;19.9;23.67;
2025-01-06 00:00:00+00:00;9.65;8.35;10.02;14.45;
2025-01-06 01:00:00+00:00;6.2;5.23;6.17;9.82;
2025-01-06 02:00:00+00:00;2.77;0.0;3.52;0.61;
2025-01-06 03:00:00+00:00;1.97;-0.01;3.52;1.6;
2025-01-06 04:00:00+00:00;3.69;5.61;9.84;8.49;
2025-01-06 05:00:00+00:00;10.0;9.27;20.0;19.41;
2025-01-06 06:00:00+00:00;45.54;31.03;46.71;47.24;
2025-01-06 07:00:00+00:00;72.0;51.9;60.62;60.96;
2025-01-06 08:00:00+00:00;77.03;48.15;56.26;57.22;
2025-01-06 09:00:00+00:00;60.0;53.71;52.85;50.0;
2025-01-06 10:00:00+00:00;40.28;52.69;54.22;49.09;
2025-01-06 11:00:00+00:00;42.06;46.28;51.63;59.35;56.28
2025-01-06 12:00:00+00:00;45.06;35.89;48.66;74.99;55.34
2025-01-06 13:00:00+00:00;64.57;15.4;47.2;61.54;52.0
2025-01-06 14:00:00+00:00;77.94;15.85;50.2;51.23;44.94
2025-01-06 15:00:00+00:00;77.92;48.5;54.22;45.28;46.19
2025-01-06 16:00:00+00:00;102.91;76.06;78.9;68.24;69.4
2025-01-06 17:00:00+00:00;126.66;91.4;92.4;88.54;86.4
2025-01-06 18:00:00+00:00;119.95;109.96;109.99;96.5;95.14
2025-01-06 19:00:00+00:00;99.9;116.2;116.15;109.66;105.14
2025-01-06 20:00:00+00:00;79.94;117.78;117.78;107.34;110.28
2025-01-06 21:00:00+00:00;73.43;105.93;105.93;99.26;100.45
2025-01-06 22:00:00+00:00;50.96;90.0;89.99;57.48;87.29
2025-01-06 23:00:00+00:00;19.51;97.99;106.58;;
2025-01-07 00:00:00+00:00;8.71;80.34;77.75;;
2025-01-07 01:00:00+00:00;8.9;54.19;49.9;;
2025-01-07 02:00:00+00:00;5.01;39.97;30.73;;
2025-01-07 03:00:00+00:00;5.13;15.0;14.2;;
2025-01-07 04:00:00+00:00;5.8;38.7;41.7;;
2025-01-07 05:00:00+00:00;60.0;84.07;90.06;;
2025-01-07 06:00:00+00:00;116.56;102.56;93.19;;
2025-01-07 07:00:00+00:00;165.98;120.96;119.97;;
2025-01-07 08:00:00+00:00;138.5;110.18;106.03;;
2025-01-07 09:00:00+00:00;110.74;97.99;93.49;;
2025-01-07 10:00:00+00:00;79.95;79.87;74.66;;
2025-01-07 11:00:00+00:00;70.1;76.25;74.23;;71.0
2025-01-07 12:00:00+00:00;67.33;77.62;72.99;;77.67
2025-01-07 13:00:00+00:00;75.0;78.47;72.99;;77.6
2025-01-07 14:00:00+00:00;84.9;89.0;80.02;;82.0
2025-01-07 15:00:00+00:00;125.58;103.59;95.01;;91.63
2025-01-07 16:00:00+00:00;160.7;120.89;117.0;;114.0
2025-01-07 17:00:00+00:00;173.86;131.5;130.0;;127.0
2025-01-07 18:00:00+00:00;127.5;125.0;125.0;;122.0
2025-01-07 19:00:00+00:00;102.9;116.34;115.35;;117.26
2025-01-07 20:00:00+00:00;97.6;113.69;112.7;;115.8
2025-01-07 21:00:00+00:00;82.2;98.97;102.63;;98.53
2025-01-07 22:00:00+00:00;80.01;92.27;89.0;;84.27
2025-01-07 23:00:00+00:00;66.19;81.65;75.23;79.47;
2025-01-08 00:00:00+00:00;52.96;74.42;70.09;71.9;
2025-01-08 01:00:00+00:00;50.17;64.89;58.97;64.57;
2025-01-08 02:00:00+00:00;49.9;54.99;52.2;57.61;
2025-01-08 03:00:00+00:00;52.8;61.51;53.79;55.79;
2025-01-08 04:00:00+00:00;68.93;85.18;68.7;71.81;
2025-01-08 05:00:00+00:00;75.1;97.41;87.0;88.61;
2025-01-08 06:00:00+00:00;120.46;121.39;101.61;109.83;
2025-01-08 07:00:00+00:00;141.04;133.96;131.96;124.62;
2025-01-08 08:00:00+00:00;146.77;127.12;112.11;114.82;
2025-01-08 09:00:00+00:00;125.6;111.8;72.48;89.13;
2025-01-08 10:00:00+00:00;108.63;105.19;72.06;76.26;
2025-01-08 11:00:00+00:00;105.87;99.97;84.67;78.86;74.2
2025-01-08 12:00:00+00:00;102.37;94.6;80.79;88.66;73.14
2025-01-08 13:00:00+00:00;110.28;91.71;72.0;81.86;73.14
2025-01-08 14:00:00+00:00;127.97;90.01;72.0;81.14;78.37
2025-01-08 15:00:00+00:00;137.31;107.48;88.49;95.74;100.5
2025-01-08 16:00:00+00:00;157.35;113.86;108.0;104.93;106.46
2025-01-08 17:00:00+00:00;162.0;118.5;107.0;103.18;103.0
2025-01-08 18:00:00+00:00;146.66;127.0;120.52;114.41;115.0
2025-01-08 19:00:00+00:00;134.87;121.81;117.96;108.62;113.0
2025-01-08 20:00:00+00:00;125.11;110.66;112.52;98.72;102.52
2025-01-08 21:00:00+00:00;114.4;110.9;112.01;93.01;100.0
2025-01-08 22:00:00+00:00;100.5;98.77;94.27;85.17;92.79
2025-01-08 23:00:00+00:00;93.56;66.58;70.47;61.38;
2025-01-09 00:00:00+00:00;91.23;55.5;51.0;51.73;
2025-01-09 01:00:00+00:00;87.54;55.52;47.39;52.1;
2025-01-09 02:00:00+00:00;78.21;31.81;28.61;47.96;
2025-01-09 03:00:00+00:00;76.69;7.01;8.0;26.66;
2025-01-09 04:00:00+00:00;84.45;33.32;30.0;50.35;
2025-01-09 05:00:00+00:00;89.37;69.9;72.08;85.0;
2025-01-09 06:00:00+00:00;113.71;95.79;88.45;107.37;
2025-01-09 07:00:00+00:00;126.29;102.99;99.0;120.15;
2025-01-09 08:00:00+00:00;123.71;102.45;104.71;123.57;
2025-01-09 09:00:00+00:00;117.4;101.45;100.0;116.44;
2025-01-09 10:00:00+00:00;110.3;90.4;92.26;112.99;
2025-01-09 11:00:00+00:00;108.11;90.84;100.35;106.01;110.93
2025-01-09 12:00:00+00:00;98.97;89.9;91.0;105.11;103.27
2025-01-09 13:00:00+00:00;98.13;89.05;89.92;102.33;94.92
2025-01-09 14:00:00+00:00;103.68;88.73;85.09;95.11;102.12
2025-01-09 15:00:00+00:00;115.01;109.98;109.4;109.82;110.13
2025-01-09 16:00:00+00:00;131.25;126.79;131.21;131.31;135.23
2025-01-09 17:00:00+00:00;135.64;137.74;140.46;141.82;145.7
2025-01-09 18:00:00+00:00;143.18;132.01;137.01;137.55;136.07
2025-01-09 19:00:00+00:00;119.98;141.27;141.3;141.36;148.0
2025-01-09 20:00:00+00:00;105.39;134.0;135.01;134.11;141.0
2025-01-09 21:00:00+00:00;101.5;116.39;116.38;112.47;120.86
2025-01-09 22:00:00+00:00;100.0;105.0;101.0;101.17;110.0
2025-01-09 23:00:00+00:00;90.97;96.21;97.95;97.85;
2025-01-10 00:00:00+00:00;80.23;82.66;92.66;90.7;
2025-01-10 01:00:00+00:00;71.4;79.95;88.82;90.99;
2025-01-10 02:00:00+00:00;69.2;73.94;80.94;88.19;
2025-01-10 03:00:00+00:00;69.92;76.0;83.0;90.99;
2025-01-10 04:00:00+00:00;84.17;86.09;90.0;93.31;
2025-01-10 05:00:00+00:00;99.09;103.22;107.13;108.87;
2025-01-10 06:00:00+00:00;123.92;126.12;126.12;131.24;
2025-01-10 07:00:00+00:00;139.69;141.22;142.5;149.2;
2025-01-10 08:00:00+00:00;136.98;139.03;140.8;150.92;
2025-01-10 09:00:00+00:00;123.57;124.07;124.41;135.38;
2025-01-10 10:00:00+00:00;113.59;115.99;113.59;121.81;
2025-01-10 11:00:00+00:00;107.43;108.18;112.43;118.61;119.31
2025-01-10 12:00:00+00:00;105.01;105.08;107.01;112.43;116.0
2025-01-10 13:00:00+00:00;110.01;108.55;111.18;111.03;114.45
2025-01-10 14:00:00+00:00;128.69;111.68;119.11;111.76;112.11
2025-01-10 15:00:00+00:00;135.01;118.86;122.0;119.93;123.84
2025-01-10 16:00:00+00:00;142.6;127.58;132.58;131.88;131.55
2025-01-10 17:00:00+00:00;144.15;140.28;141.28;140.24;144.28
2025-01-10 18:00:00+00:00;141.1;138.14;140.0;142.21;147.87
2025-01-10 19:00:00+00:00;134.82;133.78;129.53;132.93;136.83
2025-01-10 20:00:00+00:00;122.51;120.52;118.18;122.18;123.89
2025-01-10 21:00:00+00:00;119.77;116.41;115.35;121.31;122.45
2025-01-10 22:00:00+00:00;111.74;108.17;109.85;115.54;117.76
2025-01-10 23:00:00+00:00;118.88;111.64;112.0;110.7;
2025-01-11 00:00:00+00:00;104.09;100.61;95.0;97.17;
2025-01-11 01:00:00+00:00;97.4;93.32;84.87;80.49;
2025-01-11 02:00:00+00:00;95.8;82.0;84.49;81.77;
2025-01-11 03:00:00+00:00;95.0;86.17;79.78;79.45;
2025-01-11 04:00:00+00:00;98.61;79.1;85.0;79.59;
2025-01-11 05:00:00+00:00;105.1;92.46;85.0;85.43;
2025-01-11 06:00:00+00:00;119.9;86.9;83.7;78.36;
2025-01-11 07:00:00+00:00;128.34;97.5;92.3;87.22;
2025-01-11 08:00:00+00:00;141.93;108.53;102.9;101.28;
2025-01-11 09:00:00+00:00;127.81;114.71;105.0;106.78;
2025-01-11 10:00:00+00:00;101.61;92.14;84.14;84.99;
2025-01-11 11:00:00+00:00;97.57;83.78;80.08;77.29;71.11
2025-01-11 12:00:00+00:00;93.15;75.0;80.0;73.4;71.66
2025-01-11 13:00:00+00:00;95.74;69.75;71.22;71.87;68.75
2025-01-11 14:00:00+00:00;105.23;66.6;66.33;63.26;61.96
2025-01-11 15:00:00+00:00;112.46;83.91;83.0;77.75;74.44
2025-01-11 16:00:00+00:00;120.12;118.3;110.3;111.12;112.41
2025-01-11 17:00:00+00:00;124.1;118.59;112.41;101.21;111.37
2025-01-11 18:00:00+00:00;135.0;122.94;118.55;112.17;116.55
2025-01-11 19:00:00+00:00;131.4;119.6;118.0;116.29;117.5
2025-01-11 20:00:00+00:00;124.2;116.2;113.1;114.72;112.0
2025-01-11 21:00:00+00:00;124.19;115.17;114.2;113.68;113.0
2025-01-11 22:00:00+00:00;105.94;112.24;111.1;104.05;108.81
2025-01-11 23:00:00+00:00;140.6;109.53;106.0;109.26;
2025-01-12 00:00:00+00:00;115.0;101.82;99.9;98.95;
2025-01-12 01:00:00+00:00;100.0;92.78;95.1;92.39;
2025-01-12 02:00:00+00:00;90.0;85.76;91.0;88.93;
2025-01-12 03:00:00+00:00;85.0;91.0;88.45;85.43;
2025-01-12 04:00:00+00:00;89.9;85.2;89.04;85.09;
2025-01-12 05:00:00+00:00;97.0;84.65;93.09;90.47;
2025-01-12 06:00:00+00:00;101.75;79.63;101.1;99.6;
2025-01-12 07:00:00+00:00;114.76;88.2;110.33;108.66;
2025-01-12 08:00:00+00:00;120.07;82.23;116.02;112.68;
2025-01-12 09:00:00+00:00;117.77;43.33;102.9;92.68;
2025-01-12 10:00:00+00:00;105.61;10.17;8.07;11.18;
2025-01-12 11:00:00+00:00;102.99;0.0;0.0;1.34;-6.39
2025-01-12 12:00:00+00:00;99.61;1.5;1.01;-1.8;-2.2
2025-01-12 13:00:00+00:00;103.23;1.0;1.76;-5.14;-3.97
2025-01-12 14:00:00+00:00;116.32;1.0;7.52;1.86;0.0
2025-01-12 15:00:00+00:00;129.52;12.6;70.96;48.15;70.96
2025-01-12 16:00:00+00:00;138.12;97.07;114.9;113.62;115.07
2025-01-12 17:00:00+00:00;146.66;120.24;138.44;134.0;137.74
2025-01-12 18:00:00+00:00;142.79;129.53;136.3;129.58;139.76
2025-01-12 19:00:00+00:00;133.11;125.49;130.2;133.58;131.06
2025-01-12 20:00:00+00:00;126.85;124.49;125.0;126.38;123.26
2025-01-12 21:00:00+00:00;120.45;117.61;119.93;117.51;116.02
2025-01-12 22:00:00+00:00;114.9;111.9;115.7;113.95;113.9
2025-01-12 23:00:00+00:00;112.39;115.66;115.09;113.52;
2025-01-13 00:00:00+00:00;105.07;109.02;110.85;106.75;
2025-01-13 01:00:00+00:00;104.46;108.46;109.28;105.64;
2025-01-13 02:00:00+00:00;100.37;110.0;109.93;106.01;
2025-01-13 03:00:00+00:00;100.0;109.1;108.5;105.29;
2025-01-13 04:00:00+00:00;109.97;104.13;107.54;104.68;
2025-01-13 05:00:00+00:00;138.67;123.0;127.38;121.2;
2025-01-13 06:00:00+00:00;177.83;141.29;134.29;139.42;
2025-01-13 07:00:00+00:00;218.8;180.0;176.5;178.34;
2025-01-13 08:00:00+00:00;171.0;144.54;140.0;144.58;
2025-01-13 09:00:00+00:00;139.97;128.13;135.3;134.11;
2025-01-13 10:00:00+00:00;115.58;109.64;111.92;99.36;
2025-01-13 11:00:00+00:00;104.83;105.22;107.88;98.98;103.75
2025-01-13 12:00:00+00:00;103.11;100.81;100.81;95.56;101.9
2025-01-13 13:00:00+00:00;105.55;104.91;105.57;102.97;105.06
2025-01-13 14:00:00+00:00;135.34;110.72;107.42;86.67;97.25
2025-01-13 15:00:00+00:00;140.82;125.14;131.64;124.4;131.0
2025-01-13 16:00:00+00:00;149.0;145.37;155.64;151.52;151.47
2025-01-13 17:00:00+00:00;140.41;157.0;163.17;164.69;189.07
2025-01-13 18:00:00+00:00;119.6;158.39;163.4;165.59;183.12
2025-01-13 19:00:00+00:00;105.0;146.39;143.39;153.96;150.0
2025-01-13 20:00:00+00:00;118.27;143.02;140.0;147.09;137.55
2025-01-13 21:00:00+00:00;109.0;134.99;130.0;135.78;132.42
2025-01-13 22:00:00+00:00;95.8;120.09;121.85;123.25;132.11
2025-01-13 23:00:00+00:00;89.37;119.62;116.49;122.39;
2025-01-14 00:00:00+00:00;88.75;117.67;115.23;117.91;
2025-01-14 01:00:00+00:00;82.61;114.67;112.53;112.11;
2025-01-14 02:00:00+00:00;82.06;114.0;111.75;109.34;
2025-01-14 03:00:00+00:00;91.09;113.08;112.05;110.57;
2025-01-14 04:00:00+00:00;100.55;113.21;115.54;114.33;
2025-01-14 05:00:00+00:00;109.9;134.84;130.72;135.56;
2025-01-14 06:00:00+00:00;152.42;155.99;155.5;151.91;
2025-01-14 07:00:00+00:00;181.31;186.44;190.02;207.1;
2025-01-14 08:00:00+00:00;151.12;151.81;150.55;153.57;
2025-01-14 09:00:00+00:00;100.4;132.04;133.73;122.6;
2025-01-14 10:00:00+00:00;104.45;114.53;114.0;106.71;
2025-01-14 11:00:00+00:00;93.72;112.37;107.37;104.34;106.94
2025-01-14 12:00:00+00:00;105.0;111.63;111.38;111.65;112.88
2025-01-14 13:00:00+00:00;115.56;114.27;106.94;107.77;106.94
2025-01-14 14:00:00+00:00;126.14;115.03;106.94;106.77;106.94
2025-01-14 15:00:00+00:00;142.58;132.53;127.53;122.28;119.74
2025-01-14 16:00:00+00:00;166.54;160.37;145.87;151.55;144.87
2025-01-14 17:00:00+00:00;154.14;187.11;174.31;182.78;174.0
2025-01-14 18:00:00+00:00;127.5;186.4;184.0;186.05;194.0
2025-01-14 19:00:00+00:00;117.0;160.57;155.67;161.13;163.0
2025-01-14 20:00:00+00:00;111.0;150.0;140.01;149.94;151.5
2025-01-14 21:00:00+00:00;108.43;147.58;143.41;145.85;148.68
2025-01-14 22:00:00+00:00;121.87;139.79;141.98;128.84;147.53
2025-01-14 23:00:00+00:00;97.17;132.4;124.97;130.39;
2025-01-15 00:00:00+00:00;99.93;124.4;122.0;126.99;
2025-01-15 01:00:00+00:00;100.0;118.6;119.6;120.97;
2025-01-15 02:00:00+00:00;106.0;118.6;118.1;115.4;
2025-01-15 03:00:00+00:00;105.35;118.6;118.75;116.11;
2025-01-15 04:00:00+00:00;112.07;118.13;120.53;123.45;
2025-01-15 05:00:00+00:00;134.68;135.76;145.66;141.52;
2025-01-15 06:00:00+00:00;191.86;177.42;172.33;170.95;
2025-01-15 07:00:00+00:00;300.71;230.5;231.6;230.28;
2025-01-15 08:00:00+00:00;306.66;160.0;146.37;153.19;
2025-01-15 09:00:00+00:00;300.0;138.92;133.92;128.88;
2025-01-15 10:00:00+00:00;282.6;129.8;119.43;120.61;
2025-01-15 11:00:00+00:00;244.27;123.5;116.9;105.33;104.01
2025-01-15 12:00:00+00:00;230.34;120.4;112.28;108.72;97.4
2025-01-15 13:00:00+00:00;264.58;115.07;109.99;96.69;90.0
2025-01-15 14:00:00+00:00;272.73;115.81;106.14;86.82;80.13
2025-01-15 15:00:00+00:00;298.92;133.95;115.0;100.88;85.0
2025-01-15 16:00:00+00:00;350.48;140.45;128.88;120.51;111.89
2025-01-15 17:00:00+00:00;309.56;172.32;156.28;133.1;131.83
2025-01-15 18:00:00+00:00;262.42;184.61;173.97;144.02;149.12
2025-01-15 19:00:00+00:00;179.45;173.77;167.35;166.66;161.0
2025-01-15 20:00:00+00:00;150.94;150.1;146.07;149.61;143.0
2025-01-15 21:00:00+00:00;140.85;140.1;138.87;140.46;133.0
2025-01-15 22:00:00+00:00;123.9;125.6;122.27;120.28;118.9
2025-01-15 23:00:00+00:00;126.06;121.43;116.33;121.16;
2025-01-16 00:00:00+00:00;118.87;118.26;115.0;117.81;
2025-01-16 01:00:00+00:00;111.3;115.55;114.0;113.76;
2025-01-16 02:00:00+00:00;104.4;110.11;109.86;106.32;
2025-01-16 03:00:00+00:00;103.12;110.1;109.05;108.32;
2025-01-16 04:00:00+00:00;114.9;115.6;114.2;114.31;
2025-01-16 05:00:00+00:00;129.9;130.01;124.0;126.2;
2025-01-16 06:00:00+00:00;169.61;149.04;139.55;137.68;
2025-01-16 07:00:00+00:00;199.73;205.93;195.5;199.99;
2025-01-16 08:00:00+00:00;175.0;155.11;152.11;153.52;
2025-01-16 09:00:00+00:00;151.9;129.9;125.0;114.03;
2025-01-16 10:00:00+00:00;140.64;113.49;103.14;75.09;
2025-01-16 11:00:00+00:00;130.56;114.5;105.15;98.06;95.85
2025-01-16 12:00:00+00:00;128.71;116.48;105.5;99.14;96.4
2025-01-16 13:00:00+00:00;135.05;115.24;103.14;82.85;92.11
2025-01-16 14:00:00+00:00;156.74;119.6;105.15;94.59;95.71
2025-01-16 15:00:00+00:00;173.17;120.29;110.28;109.37;105.1
2025-01-16 16:00:00+00:00;187.35;151.04;155.14;152.27;148.04
2025-01-16 17:00:00+00:00;184.32;187.06;186.24;183.42;183.87
2025-01-16 18:00:00+00:00;179.97;180.07;180.0;179.28;175.96
2025-01-16 19:00:00+00:00;159.6;159.7;164.6;159.41;159.6
2025-01-16 20:00:00+00:00;141.76;150.0;155.14;146.72;148.33
2025-01-16 21:00:00+00:00;135.45;136.02;134.78;138.26;136.33
2025-01-16 22:00:00+00:00;123.9;124.34;121.44;122.81;119.44
2025-01-16 23:00:00+00:00;100.0;121.33;121.43;123.73;
2025-01-17 00:00:00+00:00;110.0;118.66;119.28;119.02;
2025-01-17 01:00:00+00:00;106.35;116.2;117.72;114.62;
2025-01-17 02:00:00+00:00;105.9;113.49;114.0;115.28;
2025-01-17 03:00:00+00:00;106.06;113.26;115.58;113.29;
2025-01-17 04:00:00+00:00;112.0;116.39;118.4;118.48;
2025-01-17 05:00:00+00:00;140.8;136.1;137.1;127.67;
2025-01-17 06:00:00+00:00;175.01;149.34;150.82;149.06;
2025-01-17 07:00:00+00:00;208.13;197.0;197.0;196.99;
2025-01-17 08:00:00+00:00;175.34;148.12;145.1;140.17;
2025-01-17 09:00:00+00:00;156.83;123.89;117.87;123.44;
2025-01-17 10:00:00+00:00;140.1;111.44;113.44;107.29;
2025-01-17 11:00:00+00:00;126.44;112.7;115.01;110.0;110.2
2025-01-17 12:00:00+00:00;124.03;108.5;113.5;106.25;107.95
2025-01-17 13:00:00+00:00;131.2;104.87;107.06;102.49;102.5
2025-01-17 14:00:00+00:00;147.69;110.0;103.5;106.02;106.01
2025-01-17 15:00:00+00:00;165.02;113.29;113.38;105.9;112.0
2025-01-17 16:00:00+00:00;177.75;145.15;139.11;143.01;140.22
2025-01-17 17:00:00+00:00;179.92;175.02;176.0;175.51;175.01
2025-01-17 18:00:00+00:00;174.22;175.45;175.72;177.3;179.22
2025-01-17 19:00:00+00:00;157.91;157.93;157.0;164.87;159.0
2025-01-17 20:00:00+00:00;145.0;153.29;154.63;149.96;153.28
2025-01-17 21:00:00+00:00;139.97;142.28;138.9;141.85;139.5
2025-01-17 22:00:00+00:00;126.89;137.34;136.38;134.57;133.38
2025-01-17 23:00:00+00:00;125.34;127.57;135.56;130.35;
2025-01-18 00:00:00+00:00;121.06;120.02;123.0;119.99;
2025-01-18 01:00:00+00:00;121.0;122.74;123.69;119.81;
2025-01-18 02:00:00+00:00;118.85;118.15;120.5;117.24;
2025-01-18 03:00:00+00:00;116.49;115.92;118.11;117.52;
2025-01-18 04:00:00+00:00;119.78;117.58;119.77;119.43;
2025-01-18 05:00:00+00:00;119.81;117.0;120.51;122.31;
2025-01-18 06:00:00+00:00;133.49;131.3;130.5;130.47;
2025-01-18 07:00:00+00:00;145.65;143.26;145.69;142.08;
2025-01-18 08:00:00+00:00;144.1;142.1;148.81;144.93;
2025-01-18 09:00:00+00:00;131.37;128.7;128.8;127.84;
2025-01-18 10:00:00+00:00;121.57;108.2;107.27;107.48;
2025-01-18 11:00:00+00:00;118.87;109.47;108.27;107.24;110.42
2025-01-18 12:00:00+00:00;115.01;109.17;109.2;103.11;110.0
2025-01-18 13:00:00+00:00;119.03;109.2;108.27;106.11;108.2
2025-01-18 14:00:00+00:00;130.56;109.78;108.27;104.46;102.27
2025-01-18 15:00:00+00:00;145.5;116.0;120.0;117.12;113.11
2025-01-18 16:00:00+00:00;161.91;142.65;140.8;148.72;142.0
2025-01-18 17:00:00+00:00;167.57;165.06;164.22;179.48;164.06
2025-01-18 18:00:00+00:00;167.85;164.85;165.47;174.76;163.61
2025-01-18 19:00:00+00:00;156.12;153.12;154.98;157.24;155.0
2025-01-18 20:00:00+00:00;143.42;149.61;147.05;146.48;149.61
2025-01-18 21:00:00+00:00;136.4;147.24;142.25;141.63;142.25
2025-01-18 22:00:00+00:00;129.36;142.0;140.94;133.12;140.19
2025-01-18 23:00:00+00:00;129.75;129.11;133.46;131.19;
2025-01-19 00:00:00+00:00;124.26;121.35;125.77;127.25;
2025-01-19 01:00:00+00:00;123.1;118.97;123.76;123.87;
2025-01-19 02:00:00+00:00;121.24;118.24;122.35;121.47;
2025-01-19 03:00:00+00:00;120.18;117.18;120.96;119.95;
2025-01-19 04:00:00+00:00;120.0;117.0;121.42;119.89;
2025-01-19 05:00:00+00:00;121.58;118.59;122.2;121.44;
2025-01-19 06:00:00+00:00;123.37;120.14;127.0;123.02;
2025-01-19 07:00:00+00:00;123.6;122.44;129.02;126.32;
2025-01-19 08:00:00+00:00;125.21;125.18;125.33;129.31;
2025-01-19 09:00:00+00:00;125.27;106.61;108.0;105.86;
2025-01-19 10:00:00+00:00;121.56;102.35;97.05;100.17;
2025-01-19 11:00:00+00:00;112.25;106.61;103.0;111.56;119.11
2025-01-19 12:00:00+00:00;107.51;107.1;105.1;115.28;119.08
2025-01-19 13:00:00+00:00;116.81;108.7;105.1;106.54;108.51
2025-01-19 14:00:00+00:00;124.36;108.53;106.48;101.92;109.02
2025-01-19 15:00:00+00:00;137.57;118.79;113.29;117.75;111.2
2025-01-19 16:00:00+00:00;148.81;135.0;124.0;116.35;128.0
2025-01-19 17:00:00+00:00;159.19;158.58;153.78;161.91;163.01
2025-01-19 18:00:00+00:00;156.79;156.2;155.03;163.78;166.66
2025-01-19 19:00:00+00:00;149.31;148.31;147.0;154.95;158.1
2025-01-19 20:00:00+00:00;139.52;141.94;136.21;144.32;142.0
2025-01-19 21:00:00+00:00;131.14;135.43;131.6;138.94;133.33
2025-01-19 22:00:00+00:00;122.99;121.87;123.01;125.84;124.0
2025-01-19 23:00:00+00:00;122.27;122.92;128.03;123.49;
2025-01-20 00:00:00+00:00;119.45;120.07;122.7;119.91;
2025-01-20 01:00:00+00:00;116.56;121.67;118.0;118.13;
2025-01-20 02:00:00+00:00;114.41;119.11;114.67;115.3;
2025-01-20 03:00:00+00:00;115.45;117.45;115.55;114.83;
2025-01-20 04:00:00+00:00;125.82;118.1;120.97;118.78;
2025-01-20 05:00:00+00:00;157.7;136.0;126.65;133.7;
2025-01-20 06:00:00+00:00;260.24;149.99;152.06;151.7;
2025-01-20 07:00:00+00:00;404.11;156.06;164.29;225.24;
2025-01-20 08:00:00+00:00;291.18;157.15;202.27;219.94;
2025-01-20 09:00:00+00:00;236.29;159.09;164.08;176.33;
2025-01-20 10:00:00+00:00;187.69;155.0;162.46;172.49;
2025-01-20 11:00:00+00:00;176.13;155.0;159.82;181.29;162.5
2025-01-20 12:00:00+00:00;171.39;155.5;156.0;187.87;162.3
2025-01-20 13:00:00+00:00;190.3;155.51;156.01;176.28;162.0
2025-01-20 14:00:00+00:00;262.81;156.68;156.13;169.7;162.03
2025-01-20 15:00:00+00:00;370.28;155.11;176.03;194.88;162.78
2025-01-20 16:00:00+00:00;523.47;159.34;170.0;207.06;172.0
2025-01-20 17:00:00+00:00;473.28;157.52;170.42;242.98;170.42
2025-01-20 18:00:00+00:00;295.57;160.74;175.07;205.99;180.01
2025-01-20 19:00:00+00:00;220.0;166.8;194.59;194.81;197.86
2025-01-20 20:00:00+00:00;170.0;169.5;165.0;166.67;166.9
2025-01-20 21:00:00+00:00;152.74;152.58;153.18;151.31;153.58
2025-01-20 22:00:00+00:00;137.74;136.71;137.43;133.84;139.98
2025-01-20 23:00:00+00:00;113.0;135.5;133.95;136.72;
2025-01-21 00:00:00+00:00;106.76;128.72;130.65;138.84;
2025-01-21 01:00:00+00:00;103.8;121.35;126.03;124.17;
2025-01-21 02:00:00+00:00;109.68;116.84;120.2;120.92;
2025-01-21 03:00:00+00:00;113.0;115.3;120.01;124.04;
2025-01-21 04:00:00+00:00;120.73;118.83;125.83;124.17;
2025-01-21 05:00:00+00:00;141.78;136.85;139.86;144.75;
2025-01-21 06:00:00+00:00;166.9;147.9;150.23;163.9;
2025-01-21 07:00:00+00:00;248.32;159.5;150.0;163.24;
2025-01-21 08:00:00+00:00;212.0;155.1;151.65;172.29;
2025-01-21 09:00:00+00:00;198.05;147.78;153.79;172.99;
2025-01-21 10:00:00+00:00;162.0;146.69;147.89;156.14;
2025-01-21 11:00:00+00:00;148.37;144.57;133.32;144.83;146.0
2025-01-21 12:00:00+00:00;143.54;137.84;128.34;143.47;140.34
2025-01-21 13:00:00+00:00;150.48;131.24;116.97;138.62;131.04
2025-01-21 14:00:00+00:00;171.01;131.61;121.98;138.89;128.0
2025-01-21 15:00:00+00:00;202.77;140.1;137.5;145.95;140.5
2025-01-21 16:00:00+00:00;282.52;145.55;143.59;151.32;149.99
2025-01-21 17:00:00+00:00;243.96;148.99;150.19;159.77;158.19
2025-01-21 18:00:00+00:00;199.94;159.24;159.01;166.12;164.22
2025-01-21 19:00:00+00:00;172.16;156.5;151.15;159.31;161.43
2025-01-21 20:00:00+00:00;153.72;145.55;143.0;145.59;148.88
2025-01-21 21:00:00+00:00;138.31;137.0;132.0;134.25;135.01
2025-01-21 22:00:00+00:00;125.4;125.74;121.35;125.84;124.62
2025-01-21 23:00:00+00:00;127.3;123.5;129.21;125.97;
2025-01-22 00:00:00+00:00;123.69;116.32;124.12;117.27;
2025-01-22 01:00:00+00:00;117.43;114.35;122.22;115.5;
2025-01-22 02:00:00+00:00;114.12;110.0;119.49;108.76;
2025-01-22 03:00:00+00:00;114.62;108.6;115.32;105.54;
2025-01-22 04:00:00+00:00;125.03;112.2;117.7;110.48;
2025-01-22 05:00:00+00:00;145.0;117.08;121.67;113.86;
2025-01-22 06:00:00+00:00;195.47;139.34;152.34;140.89;
2025-01-22 07:00:00+00:00;231.36;152.99;161.59;144.28;
2025-01-22 08:00:00+00:00;199.41;152.19;165.99;150.05;
2025-01-22 09:00:00+00:00;179.06;144.28;143.88;121.24;
2025-01-22 10:00:00+00:00;172.94;133.01;136.0;113.16;
2025-01-22 11:00:00+00:00;165.0;128.62;128.87;107.02;
2025-01-22 12:00:00+00:00;170.0;124.14;122.64;97.05;
2025-01-22 13:00:00+00:00;179.4;123.99;126.99;101.78;
2025-01-22 14:00:00+00:00;193.68;128.85;131.0;108.11;
2025-01-22 15:00:00+00:00;193.01;139.57;144.57;123.32;
2025-01-22 16:00:00+00:00;197.66;151.09;160.0;139.76;
2025-01-22 17:00:00+00:00;176.52;159.5;162.73;148.32;
2025-01-22 18:00:00+00:00;167.4;164.72;161.0;150.66;
2025-01-22 19:00:00+00:00;135.82;152.82;154.0;143.56;
2025-01-22 20:00:00+00:00;127.91;151.56;160.1;147.24;
2025-01-22 21:00:00+00:00;128.51;140.01;144.0;135.61;
2025-01-22 22:00:00+00:00;115.06;131.87;134.87;121.7;
2025-01-22 23:00:00+00:00;113.92;120.01;106.25;88.77;
2025-01-23 00:00:00+00:00;109.1;118.17;106.77;60.82;
2025-01-23 01:00:00+00:00;105.62;113.7;104.48;67.61;
2025-01-23 02:00:00+00:00;100.08;112.0;101.03;77.61;
2025-01-23 03:00:00+00:00;97.77;110.97;101.67;83.35;
2025-01-23 04:00:00+00:00;100.43;112.15;106.0;84.57;
2025-01-23 05:00:00+00:00;108.56;123.65;107.84;104.31;
2025-01-23 06:00:00+00:00;138.14;139.18;133.28;133.59;
2025-01-23 07:00:00+00:00;159.35;159.34;152.01;150.46;
2025-01-23 08:00:00+00:00;155.93;156.26;147.36;143.06;
2025-01-23 09:00:00+00:00;128.0;145.32;138.32;130.47;
2025-01-23 10:00:00+00:00;111.42;137.28;134.3;110.8;
2025-01-23 11:00:00+00:00;91.4;130.32;120.72;112.07;108.58
2025-01-23 12:00:00+00:00;88.32;119.0;112.59;89.14;90.01
2025-01-23 13:00:00+00:00;85.86;115.32;108.69;81.69;90.01
2025-01-23 14:00:00+00:00;92.77;118.54;113.0;74.51;91.0
2025-01-23 15:00:00+00:00;92.55;127.72;117.0;91.53;105.0
2025-01-23 16:00:00+00:00;109.0;147.32;137.4;117.67;121.92
2025-01-23 17:00:00+00:00;112.0;160.0;155.0;131.79;126.0
2025-01-23 18:00:00+00:00;99.9;193.06;185.51;150.47;156.51
2025-01-23 19:00:00+00:00;89.5;181.92;175.81;142.27;147.92
2025-01-23 20:00:00+00:00;77.23;153.17;146.04;111.68;122.27
2025-01-23 21:00:00+00:00;78.49;141.6;132.6;91.71;110.1
2025-01-23 22:00:00+00:00;60.09;118.81;107.97;80.69;89.9
2025-01-23 23:00:00+00:00;70.33;92.99;57.63;67.64;
2025-01-24 00:00:00+00:00;58.53;88.74;57.52;58.66;
2025-01-24 01:00:00+00:00;44.24;74.93;51.0;42.34;
2025-01-24 02:00:00+00:00;39.58;70.3;34.94;37.24;
2025-01-24 03:00:00+00:00;43.81;67.29;19.0;25.03;
2025-01-24 04:00:00+00:00;66.66;69.17;29.21;25.65;
2025-01-24 05:00:00+00:00;81.4;88.74;57.46;53.82;
2025-01-24 06:00:00+00:00;109.02;100.0;86.9;89.53;
2025-01-24 07:00:00+00:00;115.24;117.0;103.65;115.44;
2025-01-24 08:00:00+00:00;96.93;109.78;96.68;105.81;
2025-01-24 09:00:00+00:00;90.0;95.1;85.8;75.54;
2025-01-24 10:00:00+00:00;79.16;81.93;73.0;66.69;
2025-01-24 11:00:00+00:00;77.24;76.68;69.97;73.43;59.68
2025-01-24 12:00:00+00:00;75.27;73.26;65.3;65.5;58.0
2025-01-24 13:00:00+00:00;74.88;70.09;65.52;63.04;57.0
2025-01-24 14:00:00+00:00;78.8;74.26;65.31;61.36;57.65
2025-01-24 15:00:00+00:00;79.9;77.13;69.42;64.0;60.56
2025-01-24 16:00:00+00:00;90.17;91.8;78.48;80.88;74.16
2025-01-24 17:00:00+00:00;91.97;97.0;86.36;89.05;81.68
2025-01-24 18:00:00+00:00;93.27;102.8;92.02;90.94;88.3
2025-01-24 19:00:00+00:00;86.74;104.95;87.45;84.46;85.6
2025-01-24 20:00:00+00:00;82.3;98.35;82.96;73.15;80.22
2025-01-24 21:00:00+00:00;92.93;95.58;88.55;76.53;87.0
2025-01-24 22:00:00+00:00;87.04;90.7;85.7;66.55;81.93
2025-01-24 23:00:00+00:00;57.36;55.93;45.62;56.84;
2025-01-25 00:00:00+00:00;77.87;39.99;37.99;41.24;
2025-01-25 01:00:00+00:00;92.0;25.2;40.7;32.72;
2025-01-25 02:00:00+00:00;105.19;19.71;45.19;24.7;
2025-01-25 03:00:00+00:00;66.81;16.8;33.8;18.2;
2025-01-25 04:00:00+00:00;67.06;17.72;35.49;24.41;
2025-01-25 05:00:00+00:00;70.62;25.0;46.8;34.01;
2025-01-25 06:00:00+00:00;72.06;49.93;51.42;41.74;
2025-01-25 07:00:00+00:00;85.02;45.01;34.7;47.71;
2025-01-25 08:00:00+00:00;85.55;46.99;34.66;44.02;
2025-01-25 09:00:00+00:00;83.36;40.01;24.11;27.23;
2025-01-25 10:00:00+00:00;87.73;50.02;45.17;40.41;
2025-01-25 11:00:00+00:00;81.82;46.99;45.0;65.67;75.0
2025-01-25 12:00:00+00:00;81.98;38.01;29.71;69.23;59.71
2025-01-25 13:00:00+00:00;85.09;19.82;20.94;44.11;41.25
2025-01-25 14:00:00+00:00;103.54;8.59;13.6;39.39;43.6
2025-01-25 15:00:00+00:00;124.11;35.3;30.2;30.43;40.53
2025-01-25 16:00:00+00:00;138.6;45.1;40.0;42.28;59.5
2025-01-25 17:00:00+00:00;147.1;76.81;76.8;71.62;91.73
2025-01-25 18:00:00+00:00;144.35;91.15;91.01;79.24;105.99
2025-01-25 19:00:00+00:00;130.75;106.37;99.93;77.48;105.6
2025-01-25 20:00:00+00:00;126.75;93.48;92.0;59.79;92.37
2025-01-25 21:00:00+00:00;124.5;89.06;94.75;51.36;86.5
2025-01-25 22:00:00+00:00;114.99;77.35;77.36;33.39;66.05
2025-01-25 23:00:00+00:00;116.4;40.8;19.5;20.46;
2025-01-26 00:00:00+00:00;107.47;35.2;15.31;18.66;
2025-01-26 01:00:00+00:00;98.13;26.7;17.15;18.89;
2025-01-26 02:00:00+00:00;97.07;28.04;16.47;15.16;
2025-01-26 03:00:00+00:00;91.71;26.21;19.01;14.23;
2025-01-26 04:00:00+00:00;94.96;26.1;24.7;15.81;
2025-01-26 05:00:00+00:00;99.43;31.65;47.4;27.68;
2025-01-26 06:00:00+00:00;105.82;26.03;25.03;28.93;
2025-01-26 07:00:00+00:00;108.36;26.54;28.86;32.84;
2025-01-26 08:00:00+00:00;106.2;31.76;44.26;37.15;
2025-01-26 09:00:00+00:00;92.44;42.0;59.46;41.35;
2025-01-26 10:00:00+00:00;98.76;49.54;40.0;37.05;
2025-01-26 11:00:00+00:00;94.82;18.0;15.45;16.46;15.22
2025-01-26 12:00:00+00:00;80.0;18.19;15.0;7.2;7.19
2025-01-26 13:00:00+00:00;80.1;14.49;12.49;5.67;5.0
2025-01-26 14:00:00+00:00;95.96;14.92;15.27;5.63;1.41
2025-01-26 15:00:00+00:00;107.68;28.44;28.4;15.9;10.0
2025-01-26 16:00:00+00:00;115.49;40.19;49.2;29.71;35.2
2025-01-26 17:00:00+00:00;108.02;54.48;65.6;44.19;56.25
2025-01-26 18:00:00+00:00;81.38;57.71;74.7;66.66;82.73
2025-01-26 19:00:00+00:00;70.64;52.39;63.07;58.83;77.05
2025-01-26 20:00:00+00:00;60.75;46.75;56.75;42.81;63.46
2025-01-26 21:00:00+00:00;44.34;45.35;46.3;53.18;46.8
2025-01-26 22:00:00+00:00;22.84;39.31;36.84;25.14;44.62
2025-01-26 23:00:00+00:00;36.1;0.77;26.79;11.46;
2025-01-27 00:00:00+00:00;30.35;0.07;3.0;2.09;
2025-01-27 01:00:00+00:00;15.77;0.07;2.99;-1.73;
2025-01-27 02:00:00+00:00;12.38;0.05;1.76;-4.78;
2025-01-27 03:00:00+00:00;9.1;-3.0;0.33;-2.36;
2025-01-27 04:00:00+00:00;19.4;0.05;1.76;-0.53;
2025-01-27 05:00:00+00:00;34.27;0.07;7.0;1.42;
2025-01-27 06:00:00+00:00;54.91;26.93;36.5;34.47;
2025-01-27 07:00:00+00:00;68.0;48.01;70.18;98.02;
2025-01-27 08:00:00+00:00;62.96;43.98;62.96;67.49;
2025-01-27 09:00:00+00:00;45.0;35.72;36.5;29.36;
2025-01-27 10:00:00+00:00;38.84;26.23;31.23;14.26;
2025-01-27 11:00:00+00:00;36.19;14.67;29.53;13.0;21.8
2025-01-27 12:00:00+00:00;37.61;4.31;9.81;6.36;6.46
2025-01-27 13:00:00+00:00;44.52;3.6;10.96;5.52;4.72
2025-01-27 14:00:00+00:00;74.37;4.7;10.5;8.78;19.9
2025-01-27 15:00:00+00:00;87.72;14.0;36.5;18.42;29.5
2025-01-27 16:00:00+00:00;107.2;32.0;35.2;22.25;36.37
2025-01-27 17:00:00+00:00;107.67;40.78;43.79;39.47;48.94
2025-01-27 18:00:00+00:00;93.3;58.92;61.27;41.12;64.04
2025-01-27 19:00:00+00:00;85.1;40.4;50.4;44.76;46.87
2025-01-27 20:00:00+00:00;76.64;35.7;37.7;28.41;26.0
2025-01-27 21:00:00+00:00;73.45;32.0;35.2;18.68;32.0
2025-01-27 22:00:00+00:00;60.0;26.23;28.85;0.26;17.05
2025-01-27 23:00:00+00:00;61.6;3.52;3.52;-0.01;
2025-01-28 00:00:00+00:00;55.73;2.03;2.0;1.07;
2025-01-28 01:00:00+00:00;42.95;0.66;0.65;0.04;
2025-01-28 02:00:00+00:00;51.38;0.31;0.1;-16.11;
2025-01-28 03:00:00+00:00;57.77;0.15;0.33;-19.67;
2025-01-28 04:00:00+00:00;57.07;0.65;0.65;-6.37;
2025-01-28 05:00:00+00:00;77.82;1.23;3.52;-10.79;
2025-01-28 06:00:00+00:00;103.55;10.0;7.0;7.13;
2025-01-28 07:00:00+00:00;127.6;35.54;45.54;19.25;
2025-01-28 08:00:00+00:00;117.47;22.47;16.54;1.27;
2025-01-28 09:00:00+00:00;100.2;3.52;1.0;-11.01;
2025-01-28 10:00:00+00:00;98.04;2.03;2.0;-11.03;
2025-01-28 11:00:00+00:00;99.62;0.66;0.66;-3.83;-0.54
2025-01-28 12:00:00+00:00;98.31;0.68;0.72;-2.51;-1.0
2025-01-28 13:00:00+00:00;101.22;0.65;0.02;2.16;-3.35
2025-01-28 14:00:00+00:00;113.93;0.68;0.5;-1.67;-0.45
2025-01-28 15:00:00+00:00;122.46;3.52;0.0;-0.53;-0.45
2025-01-28 16:00:00+00:00;125.0;12.93;7.0;7.9;-0.01
2025-01-28 17:00:00+00:00;120.5;54.16;48.32;43.51;47.32
2025-01-28 18:00:00+00:00;117.34;72.67;74.49;64.32;70.0
2025-01-28 19:00:00+00:00;87.84;60.03;66.0;55.02;56.0
2025-01-28 20:00:00+00:00;78.31;48.06;48.04;40.83;40.82
2025-01-28 21:00:00+00:00;69.0;33.72;34.23;30.69;29.0
2025-01-28 22:00:00+00:00;55.5;25.21;19.28;11.17;17.0
2025-01-28 23:00:00+00:00;75.79;26.37;27.47;24.57;
2025-01-29 00:00:00+00:00;71.91;10.96;11.1;17.09;
2025-01-29 01:00:00+00:00;65.74;3.52;4.27;3.06;
2025-01-29 02:00:00+00:00;59.94;3.52;3.52;-2.15;
2025-01-29 03:00:00+00:00;64.01;3.52;3.52;1.59;
2025-01-29 04:00:00+00:00;70.23;3.52;5.0;1.96;
2025-01-29 05:00:00+00:00;81.16;42.29;29.51;15.43;
2025-01-29 06:00:00+00:00;126.95;84.8;90.0;81.63;
2025-01-29 07:00:00+00:00;136.2;110.41;115.34;111.84;
2025-01-29 08:00:00+00:00;130.45;69.22;91.2;99.43;
2025-01-29 09:00:00+00:00;105.05;48.5;69.88;65.5;
2025-01-29 10:00:00+00:00;89.25;51.0;57.0;59.8;
2025-01-29 11:00:00+00:00;85.0;34.9;35.82;41.7;45.01
2025-01-29 12:00:00+00:00;85.53;17.2;21.2;32.9;29.2
2025-01-29 13:00:00+00:00;87.67;12.23;14.23;24.69;24.73
2025-01-29 14:00:00+00:00;102.75;17.2;18.27;30.15;27.68
2025-01-29 15:00:00+00:00;132.72;40.73;44.16;44.84;43.99
2025-01-29 16:00:00+00:00;149.57;50.11;51.1;65.34;55.4
2025-01-29 17:00:00+00:00;165.0;83.06;83.06;91.1;94.66
2025-01-29 18:00:00+00:00;148.6;123.99;121.01;128.23;124.0
2025-01-29 19:00:00+00:00;135.3;133.85;127.5;139.34;133.85
2025-01-29 20:00:00+00:00;122.1;118.57;114.82;128.3;118.57
2025-01-29 21:00:00+00:00;122.35;94.67;89.77;104.6;94.17
2025-01-29 22:00:00+00:00;100.1;51.09;56.19;60.12;55.0
2025-01-29 23:00:00+00:00;131.34;63.08;72.1;78.93;
2025-01-30 00:00:00+00:00;125.79;50.01;54.84;47.95;
2025-01-30 01:00:00+00:00;111.9;43.34;38.34;33.75;
2025-01-30 02:00:00+00:00;104.48;14.0;18.82;8.82;
2025-01-30 03:00:00+00:00;100.0;7.49;10.01;5.26;
2025-01-30 04:00:00+00:00;101.09;10.96;10.0;5.27;
2025-01-30 05:00:00+00:00;131.36;50.01;42.17;31.34;
2025-01-30 06:00:00+00:00;149.65;66.33;66.33;62.8;
2025-01-30 07:00:00+00:00;160.3;95.95;95.18;95.74;
2025-01-30 08:00:00+00:00;151.49;54.74;50.24;44.91;
2025-01-30 09:00:00+00:00;134.9;10.0;9.0;9.37;
2025-01-30 10:00:00+00:00;123.25;3.4;3.52;2.84;
2025-01-30 11:00:00+00:00;115.74;0.5;3.5;-3.1;-0.02
2025-01-30 12:00:00+00:00;113.3;0.01;0.65;-3.66;-2.0
2025-01-30 13:00:00+00:00;125.74;0.0;0.65;-3.82;-2.0
2025-01-30 14:00:00+00:00;142.67;0.65;3.52;-3.03;-2.0
2025-01-30 15:00:00+00:00;151.05;3.52;3.52;-4.38;-1.0
2025-01-30 16:00:00+00:00;178.09;32.17;30.17;27.47;30.2
2025-01-30 17:00:00+00:00;179.93;90.01;84.7;84.19;90.01
2025-01-30 18:00:00+00:00;161.24;95.01;91.66;93.98;109.99
2025-01-30 19:00:00+00:00;148.49;115.01;120.13;114.96;125.0
2025-01-30 20:00:00+00:00;132.59;111.04;115.04;108.69;119.27
2025-01-30 21:00:00+00:00;125.73;96.02;89.45;82.84;96.02
2025-01-30 22:00:00+00:00;120.2;81.06;79.0;72.58;78.0
2025-01-30 23:00:00+00:00;120.0;77.5;89.26;;
